{
  "hash": "28a38b6d",
  "configHash": "962f0d27",
  "lockfileHash": "60594aa3",
  "browserHash": "ace01cd3",
  "optimized": {
    "@angular/core": {
      "src": "../../../../../../node_modules/@angular/core/fesm2022/core.mjs",
      "file": "@angular_core.js",
      "fileHash": "87bdecdb",
      "needsInterop": false
    },
    "@angular/platform-browser": {
      "src": "../../../../../../node_modules/@angular/platform-browser/fesm2022/platform-browser.mjs",
      "file": "@angular_platform-browser.js",
      "fileHash": "3827a5c2",
      "needsInterop": false
    },
    "@angular/router": {
      "src": "../../../../../../node_modules/@angular/router/fesm2022/router.mjs",
      "file": "@angular_router.js",
      "fileHash": "fbf4a84e",
      "needsInterop": false
    },
    "@angular/common": {
      "src": "../../../../../../node_modules/@angular/common/fesm2022/common.mjs",
      "file": "@angular_common.js",
      "fileHash": "ff935869",
      "needsInterop": false
    }
  },
  "chunks": {
    "chunk-ONJWSGLI": {
      "file": "chunk-ONJWSGLI.js"
    },
    "chunk-JACE3NED": {
      "file": "chunk-JACE3NED.js"
    },
    "chunk-PWALWDUF": {
      "file": "chunk-PWALWDUF.js"
    }
  }
}