{
  "hash": "9cea1742",
  "configHash": "c6a0a9ef",
  "lockfileHash": "c0eefdee",
  "browserHash": "0ec923cb",
  "optimized": {
    "@angular/core": {
      "src": "../../../../../../node_modules/@angular/core/fesm2022/core.mjs",
      "file": "@angular_core.js",
      "fileHash": "e073cb77",
      "needsInterop": false
    },
    "@angular/platform-browser": {
      "src": "../../../../../../node_modules/@angular/platform-browser/fesm2022/platform-browser.mjs",
      "file": "@angular_platform-browser.js",
      "fileHash": "1b613a6c",
      "needsInterop": false
    },
    "@angular/router": {
      "src": "../../../../../../node_modules/@angular/router/fesm2022/router.mjs",
      "file": "@angular_router.js",
      "fileHash": "ef1e78da",
      "needsInterop": false
    },
    "@angular/common": {
      "src": "../../../../../../node_modules/@angular/common/fesm2022/common.mjs",
      "file": "@angular_common.js",
      "fileHash": "b41e0d17",
      "needsInterop": false
    }
  },
  "chunks": {
    "chunk-IOFYIAJF": {
      "file": "chunk-IOFYIAJF.js"
    },
    "chunk-TQR3GDWE": {
      "file": "chunk-TQR3GDWE.js"
    },
    "chunk-HCNZ5MW6": {
      "file": "chunk-HCNZ5MW6.js"
    }
  }
}