{
  "hash": "6daadd0e",
  "configHash": "7cb651f3",
  "lockfileHash": "5f0b3b76",
  "browserHash": "f2e7caab",
  "optimized": {
    "@angular/core": {
      "src": "../../../../../../node_modules/@angular/core/fesm2022/core.mjs",
      "file": "@angular_core.js",
      "fileHash": "69ed369c",
      "needsInterop": false
    },
    "@angular/platform-browser": {
      "src": "../../../../../../node_modules/@angular/platform-browser/fesm2022/platform-browser.mjs",
      "file": "@angular_platform-browser.js",
      "fileHash": "934da4f0",
      "needsInterop": false
    },
    "@angular/router": {
      "src": "../../../../../../node_modules/@angular/router/fesm2022/router.mjs",
      "file": "@angular_router.js",
      "fileHash": "e872b96a",
      "needsInterop": false
    }
  },
  "chunks": {
    "chunk-HFHG6J4W": {
      "file": "chunk-HFHG6J4W.js"
    },
    "chunk-Q43E34LM": {
      "file": "chunk-Q43E34LM.js"
    }
  }
}