{
  "hash": "5b38caed",
  "configHash": "fc4df6d2",
  "lockfileHash": "7ffa87cb",
  "browserHash": "ee4c2431",
  "optimized": {
    "@angular/core": {
      "src": "../../../../../../node_modules/@angular/core/fesm2022/core.mjs",
      "file": "@angular_core.js",
      "fileHash": "205fba30",
      "needsInterop": false
    },
    "@angular/platform-browser": {
      "src": "../../../../../../node_modules/@angular/platform-browser/fesm2022/platform-browser.mjs",
      "file": "@angular_platform-browser.js",
      "fileHash": "35bba5c6",
      "needsInterop": false
    },
    "@angular/router": {
      "src": "../../../../../../node_modules/@angular/router/fesm2022/router.mjs",
      "file": "@angular_router.js",
      "fileHash": "9a9fd536",
      "needsInterop": false
    },
    "@angular/forms": {
      "src": "../../../../../../node_modules/@angular/forms/fesm2022/forms.mjs",
      "file": "@angular_forms.js",
      "fileHash": "2c257f5c",
      "needsInterop": false
    }
  },
  "chunks": {
    "chunk-Z45P76UV": {
      "file": "chunk-Z45P76UV.js"
    },
    "chunk-SBFKHH4E": {
      "file": "chunk-SBFKHH4E.js"
    },
    "chunk-QSH3M5PS": {
      "file": "chunk-QSH3M5PS.js"
    }
  }
}