{
  "hash": "a2318339",
  "configHash": "e7e9a740",
  "lockfileHash": "d85f71d6",
  "browserHash": "c1f933da",
  "optimized": {
    "@angular/core": {
      "src": "../../../../../../node_modules/@angular/core/fesm2022/core.mjs",
      "file": "@angular_core.js",
      "fileHash": "c32cbddd",
      "needsInterop": false
    },
    "@angular/platform-browser": {
      "src": "../../../../../../node_modules/@angular/platform-browser/fesm2022/platform-browser.mjs",
      "file": "@angular_platform-browser.js",
      "fileHash": "0c234a61",
      "needsInterop": false
    },
    "@angular/router": {
      "src": "../../../../../../node_modules/@angular/router/fesm2022/router.mjs",
      "file": "@angular_router.js",
      "fileHash": "a552d217",
      "needsInterop": false
    }
  },
  "chunks": {
    "chunk-3NMEV6SG": {
      "file": "chunk-3NMEV6SG.js"
    },
    "chunk-PWALWDUF": {
      "file": "chunk-PWALWDUF.js"
    }
  }
}